{"schemaVersion":"1.0","appDefinitionTemplate":{"id":"/providers/Microsoft.PowerApps/apps/","type":"Microsoft.PowerApps/apps","tags":{"primaryDeviceWidth":"1366","primaryDeviceHeight":"768","sienaVersion":"20220422T154220Z-3.22041.27.0","deviceCapabilities":"","supportsPortrait":"true","supportsLandscape":"true","primaryFormFactor":"Tablet","publisherVersion":"3.22041.27","minimumRequiredApiVersion":"2.2.0","hasComponent":"false","hasUnlockedComponent":"false","isUnifiedRootApp":"false"},"properties":{"appVersion":"2022-04-22T15:42:20Z","lifeCycleId":"Published","createdByClientVersion":{"major":3,"minor":22041,"build":27,"revision":0,"majorRevision":0,"minorRevision":0},"minClientVersion":{"major":3,"minor":22041,"build":27,"revision":0,"majorRevision":0,"minorRevision":0},"backgroundColor":"RGBA(0,176,240,1)","backgroundImageUri":"/7836182602873768190/N843714a8-39ac-470d-9a72-96443a3c9d84-logoSmallFile","displayName":"Personnal Planner","description":"","commitMessage":"","appUris":{"documentUri":{"value":"/7836182602873768190/Nfa953afa-c883-40fd-a074-969892b0dcf2-document.msapp"},"imageUris":[]},"createdTime":"0001-01-01T00:00:00Z","lastModifiedTime":"0001-01-01T00:00:00Z","sharedGroupsCount":0,"sharedUsersCount":0,"icons":{"smallIconUri":"/7836182602873768190/Nec4fc452-72bd-4813-8c76-28a2d2b10954-small.png","mediumIconUri":"/7836182602873768190/N573cdb61-5ea3-4c1b-b210-ad9e348a3442-medium.png","largeIconUri":"/7836182602873768190/Nf5447d29-92ee-4bee-a51d-796acc5ba806-large.png","wideIconUri":"/7836182602873768190/Ne4e9908b-04fc-405a-af87-75f25ce0a90b-wide.png"},"connectionReferences":{"09b305f8-8085-41e1-aed1-29f3562c20ef":{"id":"f89bb47b-7a04-4763-a129-0523fb34a190","displayName":"SharePoint","iconUri":"https://connectoricons-prod.azureedge.net/releases/v1.0.1563/1.0.1563.2732/sharepointonline/icon.png","dataSources":["Personnal Planner","Onboarding Tasks"],"dependencies":[],"dependents":[],"parameterHints":{},"parameterHintsV2":{},"isOnPremiseConnection":false,"bypassConsent":false,"dataSets":{"https://chironitcom.sharepoint.com/sites/Demo/visa":{"dataSources":{"Personnal Planner":{"tableName":"aba2aa12-d87c-4d3b-b384-e083b50c4378"},"Onboarding Tasks":{"tableName":"cf44ce3d-189b-408d-bda4-4548ca24cbf1"}}}},"apiTier":"Standard","isCustomApiConnection":false,"actions":["providers/PowerPlatform.Governance/Operations/Read"]}},"databaseReferences":{},"almMode":"Environment","performanceOptimizationEnabled":true,"canConsumeAppPass":true,"executionRestrictions":{"isTeamsOnly":false,"dataLossPreventionEvaluationResult":{"status":"Compliant","lastEvaluationDate":"2022-03-16T11:52:32.188961Z","violations":[],"violationsByPolicy":[],"violationErrorMessage":"The app uses the following connectors: shared_sharepointonline."}}},"appType":"ClassicCanvasApp","appComponents":[]}}