{"schemaVersion":"1.0","appDefinitionTemplate":{"id":"/providers/Microsoft.PowerApps/apps/","type":"Microsoft.PowerApps/apps","tags":{"primaryDeviceWidth":"1366","primaryDeviceHeight":"768","sienaVersion":"20220325T084102Z-3.22022.31.0","deviceCapabilities":"","supportsPortrait":"true","supportsLandscape":"true","primaryFormFactor":"Tablet","publisherVersion":"3.22022.31","minimumRequiredApiVersion":"2.2.0","hasComponent":"false","hasUnlockedComponent":"false","isUnifiedRootApp":"false"},"properties":{"appVersion":"2022-03-25T08:41:02Z","lifeCycleId":"Published","createdByClientVersion":{"major":3,"minor":22022,"build":31,"revision":0,"majorRevision":0,"minorRevision":0},"minClientVersion":{"major":3,"minor":22022,"build":31,"revision":0,"majorRevision":0,"minorRevision":0},"backgroundColor":"RGBA(0,176,240,1)","backgroundImageUri":"/7836182602873768190/Na275a180-c2ba-419c-914d-3df88787d3bb-logoSmallFile","displayName":"Personnal Planner","description":"","commitMessage":"","appUris":{"documentUri":{"value":"/7836182602873768190/Na35f2ea3-912a-4c48-9e7f-b6743e34ecd1-document.msapp"},"imageUris":[]},"createdTime":"0001-01-01T00:00:00Z","lastModifiedTime":"0001-01-01T00:00:00Z","sharedGroupsCount":0,"sharedUsersCount":0,"icons":{"smallIconUri":"/7836182602873768190/Ne0fc579a-080b-4ef6-9fa8-6211b309ce63-small.png","mediumIconUri":"/7836182602873768190/Nbf9b8e8a-66a0-41a0-91ad-2ef1c4244b31-medium.png","largeIconUri":"/7836182602873768190/Nf3ad0816-e30f-44cc-83ce-a49350d20696-large.png","wideIconUri":"/7836182602873768190/Ncc0025a6-ef88-4e74-9fe7-bbeb1c3fe5fe-wide.png"},"connectionReferences":{"09b305f8-8085-41e1-aed1-29f3562c20ef":{"id":"f89bb47b-7a04-4763-a129-0523fb34a190","displayName":"SharePoint","iconUri":"https://connectoricons-prod.azureedge.net/releases/v1.0.1559/1.0.1559.2723/sharepointonline/icon.png","dataSources":["Personnal Planner"],"dependencies":[],"dependents":[],"parameterHints":{},"parameterHintsV2":{},"isOnPremiseConnection":false,"bypassConsent":false,"dataSets":{"https://chironitcom.sharepoint.com/sites/Demo/visa":{"dataSources":{"Personnal Planner":{"tableName":"aba2aa12-d87c-4d3b-b384-e083b50c4378"}}}},"apiTier":"Standard","isCustomApiConnection":false,"actions":["providers/PowerPlatform.Governance/Operations/Read","providers/PowerPlatform.Governance/Operations/Write"]}},"databaseReferences":{},"almMode":"Environment","performanceOptimizationEnabled":true,"canConsumeAppPass":true,"executionRestrictions":{"isTeamsOnly":false,"dataLossPreventionEvaluationResult":{"status":"Compliant","lastEvaluationDate":"2022-03-16T11:52:32.188961Z","violations":[],"violationsByPolicy":[],"violationErrorMessage":"The app uses the following connectors: shared_sharepointonline."}}},"appType":"ClassicCanvasApp","appComponents":[]}}